month_id,email_subscribers,mailable_households,social_followers,website_visitors,web_conversion_rate
2022-01,85000,42000,110000,36869,0.0203
2022-02,85750,42300,111200,41618,0.0204
2022-03,86500,42600,112400,36708,0.0203
2022-04,87250,42900,113600,39585,0.0211
2022-05,88000,43200,114800,42734,0.0233
2022-06,88750,43500,116000,39882,0.0193
2022-07,89500,43800,117200,37801,0.0191
2022-08,90250,44100,118400,39203,0.0244
2022-09,91000,44400,119600,42958,0.0224
2022-10,91750,44700,120800,41194,0.0192
2022-11,92500,45000,122000,41548,0.0251
2022-12,93250,45300,123200,42512,0.0249
2023-01,94000,45600,124400,41307,0.021
2023-02,94750,45900,125600,36091,0.0224
2023-03,95500,46200,126800,40547,0.0191
2023-04,96250,46500,128000,36342,0.018
2023-05,97000,46800,129200,40887,0.0212
2023-06,97750,47100,130400,40485,0.0256
2023-07,98500,47400,131600,38496,0.0197
2023-08,99250,47700,132800,42073,0.0252
2023-09,100000,48000,134000,38816,0.0197
2023-10,100750,48300,135200,41291,0.0248
2023-11,101500,48600,136400,37166,0.0193
2023-12,102250,48900,137600,37808,0.0229
2024-01,103000,49200,138800,38070,0.0196
2024-02,103750,49500,140000,37485,0.0234
2024-03,104500,49800,141200,40647,0.0248
2024-04,105250,50100,142400,42974,0.024
2024-05,106000,50400,143600,40496,0.0217
2024-06,106750,50700,144800,40502,0.0186
2024-07,107500,51000,146000,41502,0.0185
2024-08,108250,51300,147200,36804,0.0196
2024-09,109000,51600,148400,40756,0.0219
2024-10,109750,51900,149600,38710,0.0209
2024-11,110500,52200,150800,41499,0.0232
2024-12,111250,52500,152000,36819,0.0203
2025-01,112000,52800,153200,36571,0.0252
2025-02,112750,53100,154400,38603,0.0219
2025-03,113500,53400,155600,38689,0.0229
2025-04,114250,53700,156800,38504,0.0235
2025-05,115000,54000,158000,37248,0.0225
2025-06,115750,54300,159200,38985,0.0245
2025-07,116500,54600,160400,39508,0.0193
2025-08,117250,54900,161600,38565,0.02
2025-09,118000,55200,162800,37814,0.0237
2025-10,118750,55500,164000,41249,0.0215
2025-11,119500,55800,165200,42882,0.0209
2025-12,120250,56100,166400,41567,0.0239
2026-01,121000,56400,167600,39931,0.0217
2026-02,121750,56700,168800,38938,0.0242
2026-03,122500,57000,170000,39989,0.0224
2026-04,123250,57300,171200,37439,0.0232
2026-05,124000,57600,172400,36671,0.0247
2026-06,124750,57900,173600,42770,0.0191
2026-07,125500,58200,174800,40412,0.0196
2026-08,126250,58500,176000,42009,0.0251
2026-09,127000,58800,177200,36626,0.0238
2026-10,127750,59100,178400,36152,0.0248
