metric_id,org_id,year,metric_name,actual_value,target_value,cost_per_unit
IMP-0001,ORG-HUM-01,2022,Countries Served,18,20,350000.0
IMP-0002,ORG-HUM-01,2022,People Receiving Food & Water,1450000,1500000,12.5
IMP-0003,ORG-HUM-01,2022,People with Access to Education,320000,350000,28.0
IMP-0004,ORG-HUM-01,2023,Countries Served,18,21,350000.0
IMP-0005,ORG-HUM-01,2023,People Receiving Food & Water,1522500,1575000,12.5
IMP-0006,ORG-HUM-01,2023,People with Access to Education,336000,367500,28.0
IMP-0007,ORG-HUM-01,2024,Countries Served,19,22,350000.0
IMP-0008,ORG-HUM-01,2024,People Receiving Food & Water,1812500,1650000,12.5
IMP-0009,ORG-HUM-01,2024,People with Access to Education,352000,385000,28.0
IMP-0010,ORG-HUM-01,2025,Countries Served,20,23,350000.0
IMP-0011,ORG-HUM-01,2025,People Receiving Food & Water,1667499,1724999,12.5
IMP-0012,ORG-HUM-01,2025,People with Access to Education,368000,402499,28.0
IMP-0013,ORG-HUM-01,2026,Countries Served,21,24,350000.0
IMP-0014,ORG-HUM-01,2026,People Receiving Food & Water,1740000,1800000,12.5
IMP-0015,ORG-HUM-01,2026,People with Access to Education,384000,420000,28.0
