proposal_id,donor_id,staff_id,stage,ask_amount,expected_close_date,status
PRP-0001,DNR-00042,STF-02,Stewardship,50000.0,2026-12-15,Active
PRP-0002,DNR-00002,STF-03,Cultivation,100000.0,2026-11-15,Active
PRP-0003,DNR-00003,STF-02,Cultivation,50000.0,2026-12-15,Active
PRP-0004,DNR-00004,STF-03,Closed Won,50000.0,2026-12-15,Active
PRP-0005,DNR-00005,STF-02,Stewardship,25000.0,2026-11-15,Active
PRP-0006,DNR-00006,STF-03,Closed Won,250000.0,2026-12-15,Active
PRP-0007,DNR-00007,STF-02,Stewardship,25000.0,2026-10-15,Active
PRP-0008,DNR-00008,STF-03,Stewardship,50000.0,2026-12-15,Active
PRP-0009,DNR-00009,STF-02,Closed Won,50000.0,2026-12-15,Active
PRP-0010,DNR-00010,STF-03,Stewardship,50000.0,2026-12-15,Active
PRP-0011,DNR-00011,STF-02,Solicitation,100000.0,2026-11-15,Active
PRP-0012,DNR-00012,STF-03,Solicitation,25000.0,2026-10-15,Active
PRP-0013,DNR-00013,STF-02,Solicitation,25000.0,2026-11-15,Active
PRP-0014,DNR-00014,STF-03,Cultivation,250000.0,2026-11-15,Active
PRP-0015,DNR-00015,STF-02,Stewardship,50000.0,2026-10-15,Active
PRP-0016,DNR-00016,STF-03,Stewardship,25000.0,2026-11-15,Active
PRP-0017,DNR-00017,STF-02,Closed Won,50000.0,2026-10-15,Active
PRP-0018,DNR-00018,STF-03,Solicitation,100000.0,2026-12-15,Active
PRP-0019,DNR-00019,STF-02,Cultivation,100000.0,2026-11-15,Active
PRP-0020,DNR-00020,STF-03,Stewardship,25000.0,2026-12-15,Active
PRP-0021,DNR-00021,STF-02,Stewardship,50000.0,2026-10-15,Active
PRP-0022,DNR-00022,STF-03,Cultivation,50000.0,2026-11-15,Active
PRP-0023,DNR-00023,STF-02,Closed Won,25000.0,2026-11-15,Active
PRP-0024,DNR-00024,STF-03,Solicitation,50000.0,2026-12-15,Active
PRP-0025,DNR-00025,STF-02,Stewardship,100000.0,2026-11-15,Active
PRP-0026,DNR-00026,STF-03,Stewardship,50000.0,2026-12-15,Active
PRP-0027,DNR-00027,STF-02,Closed Won,25000.0,2026-10-15,Active
PRP-0028,DNR-00028,STF-03,Stewardship,250000.0,2026-10-15,Active
PRP-0029,DNR-00029,STF-02,Solicitation,25000.0,2026-12-15,Active
PRP-0030,DNR-00030,STF-03,Stewardship,250000.0,2026-10-15,Active
PRP-0031,DNR-00031,STF-02,Closed Won,100000.0,2026-12-15,Active
PRP-0032,DNR-00032,STF-03,Stewardship,25000.0,2026-12-15,Active
PRP-0033,DNR-00033,STF-02,Stewardship,250000.0,2026-11-15,Active
PRP-0034,DNR-00034,STF-03,Cultivation,100000.0,2026-12-15,Active
PRP-0035,DNR-00035,STF-02,Solicitation,100000.0,2026-12-15,Active
PRP-0036,DNR-00036,STF-03,Cultivation,25000.0,2026-10-15,Active
PRP-0037,DNR-00037,STF-02,Cultivation,25000.0,2026-10-15,Active
PRP-0038,DNR-00038,STF-03,Solicitation,250000.0,2026-10-15,Active
PRP-0039,DNR-00039,STF-02,Solicitation,250000.0,2026-12-15,Active
PRP-0040,DNR-00040,STF-03,Cultivation,50000.0,2026-10-15,Active
PRP-0041,DNR-00041,STF-02,Closed Won,100000.0,2026-10-15,Active
PRP-0042,DNR-00042,STF-03,Cultivation,25000.0,2026-10-15,Active
PRP-0043,DNR-00043,STF-02,Solicitation,100000.0,2026-12-15,Active
PRP-0044,DNR-00044,STF-03,Cultivation,50000.0,2026-11-15,Active
PRP-0045,DNR-00045,STF-02,Closed Won,250000.0,2026-11-15,Active
PRP-0046,DNR-00046,STF-03,Closed Won,250000.0,2026-11-15,Active
PRP-0047,DNR-00047,STF-02,Cultivation,250000.0,2026-12-15,Active
PRP-0048,DNR-00048,STF-03,Cultivation,25000.0,2026-12-15,Active
PRP-0049,DNR-00049,STF-02,Cultivation,25000.0,2026-12-15,Active
PRP-0050,DNR-00050,STF-03,Cultivation,100000.0,2026-12-15,Active
